data,tipo,hora,titulo,texto,versiculo,oracao,reflexao,hashtags,legenda
07/09/2026,Reel_Manha,7h,Oração do Despertar - 07/09,"Ó Senhor, abri os nossos lábios.
E a nossa boca anunciará os vossos louvores.

Salmo cento e quarenta e quatro.

Deus onipotente, fonte de todo dom perfeito,
semeai em nossos corações o amor ao vosso nome.
Por Jesus Cristo, nosso Senhor. Amém.",Salmo cento e quarenta e quatro,"Ó Senhor, abri os nossos lábios...",Hoje a Igreja celebra Nossa Senhora da Vitória. A autoridade de Jesus.,#oraçãodamanhã #devocional #fé #paz #livrodeoraçãocomum,Salmo cento e quarenta e quatro - A autoridade de Jesus. Comece este dia com Deus.
07/09/2026,Carrossel,12h,Santo do Dia - Nossa Senhora da Vitória,"Santo do Dia. Nossa Senhora da Vitória.

Leitura do Dia.
Primeira Carta de São Paulo aos Coríntios capítulo 2, versículos 10 a 16.

Salmo cento e quarenta e quatro.

Reflexão.
Primeiro. O Espírito de Deus penetra tudo.
Segundo. Como os santos foram guiados, também nós somos.
Terceiro. O pensamento de Cristo está disponível a todos.

Oração.
Senhor, concedei-nos o vosso Espírito para compreendermos vossos caminhos. Amém.

Versículo final.
Nós, porém, temos o pensamento de Cristo.","Primeira Carta de São Paulo aos Coríntios capítulo 2, versículos 10 a 16","Senhor, concedei-nos o vosso Espírito...",A autoridade de Jesus. O Espírito de Deus penetra tudo.,#santododia #fé #carrossel #devocional,07/09 - Nossa Senhora da Vitória. A autoridade de Jesus.
07/09/2026,Reel_Noite,20h,Completas - 07/09,"Hora de descansar, filho de Deus.

Lucas capítulo 4, versículos 31 a 37.

Oração de Completas.
Vindeste, ó Espírito Santo, encher os vossos apóstolos.
Ench também os nossos corações de paz esta noite.

Salmo quatro, verso nove.
Em paz me deitarei e adormecerei, porque só vós, Senhor, me fazestes habitar em segurança.

A bênção de Deus todo-poderoso desça sobre vós esta noite. Amém. Boa noite.","Lucas capítulo 4, versículos 31 a 37","Vindeste, ó Espírito Santo...","Assim como Jesus ensina com autoridade no evangelho de Lucas capítulo 4, versículos 31 a 37.",#oraçãodanoite #completas #fé #paz,"Lucas capítulo 4, versículos 31 a 37 - Jesus ensina com autoridade. Entregue sua paz ao Senhor."
08/09/2026,Reel_Manha,7h,Oração do Despertar - 08/09,"Ó Senhor, abri os nossos lábios.
E a nossa boca anunciará os vossos louvores.

Salmo treze.

Deus onipotente, fonte de todo dom perfeito,
semeai em nossos corações o amor ao vosso nome.
Por Jesus Cristo, nosso Senhor. Amém.",Salmo treze,"Ó Senhor, abri os nossos lábios...",Hoje a Igreja celebra Natividade de Nossa Senhora. A origem de Maria.,#oraçãodamanhã #devocional #fé #paz #livrodeoraçãocomum,Salmo treze - A origem de Maria. Comece este dia com Deus.
08/09/2026,Carrossel,12h,Santo do Dia - Natividade de Nossa Senhora,"Santo do Dia. Natividade de Nossa Senhora.

Leitura do Dia.
Miquéias capítulo 5, versículos 2 a 4.

Salmo treze.

Reflexão.
Primeiro. O Espírito de Deus penetra tudo.
Segundo. Como os santos foram guiados, também nós somos.
Terceiro. O pensamento de Cristo está disponível a todos.

Oração.
Senhor, concedei-nos o vosso Espírito para compreendermos vossos caminhos. Amém.

Versículo final.
Nós, porém, temos o pensamento de Cristo.","Miquéias capítulo 5, versículos 2 a 4","Senhor, concedei-nos o vosso Espírito...",A origem de Maria. O Espírito de Deus penetra tudo.,#santododia #fé #carrossel #devocional,08/09 - Natividade de Nossa Senhora. A origem de Maria.
08/09/2026,Reel_Noite,20h,Completas - 08/09,"Hora de descansar, filho de Deus.

Mateus capítulo 1, versículos 1 a 16 e 18 a 23.

Oração de Completas.
Vindeste, ó Espírito Santo, encher os vossos apóstolos.
Ench também os nossos corações de paz esta noite.

Salmo quatro, verso nove.
Em paz me deitarei e adormecerei, porque só vós, Senhor, me fazestes habitar em segurança.

A bênção de Deus todo-poderoso desça sobre vós esta noite. Amém. Boa noite.","Mateus capítulo 1, versículos 1 a 16 e 18 a 23","Vindeste, ó Espírito Santo...","Assim como Jesus ensina com autoridade no evangelho de Mateus capítulo 1, versículos 1 a 16 e 18 a 23.",#oraçãodanoite #completas #fé #paz,"Mateus capítulo 1, versículos 1 a 16 e 18 a 23 - Jesus ensina com autoridade. Entregue sua paz ao Senhor."
09/09/2026,Reel_Manha,7h,Oração do Despertar - 09/09,"Ó Senhor, abri os nossos lábios.
E a nossa boca anunciará os vossos louvores.

Salmo trinta e três.

Deus onipotente, fonte de todo dom perfeito,
semeai em nossos corações o amor ao vosso nome.
Por Jesus Cristo, nosso Senhor. Amém.",Salmo trinta e três,"Ó Senhor, abri os nossos lábios...",Hoje a Igreja celebra São Pedro Clérigo. Unidos em Cristo.,#oraçãodamanhã #devocional #fé #paz #livrodeoraçãocomum,Salmo trinta e três - Unidos em Cristo. Comece este dia com Deus.
09/09/2026,Carrossel,12h,Santo do Dia - São Pedro Clérigo,"Santo do Dia. São Pedro Clérigo.

Leitura do Dia.
Primeira Carta de São Paulo aos Coríntios capítulo 3, versículos 1 a 9.

Salmo trinta e três.

Reflexão.
Primeiro. O Espírito de Deus penetra tudo.
Segundo. Como os santos foram guiados, também nós somos.
Terceiro. O pensamento de Cristo está disponível a todos.

Oração.
Senhor, concedei-nos o vosso Espírito para compreendermos vossos caminhos. Amém.

Versículo final.
Nós, porém, temos o pensamento de Cristo.","Primeira Carta de São Paulo aos Coríntios capítulo 3, versículos 1 a 9","Senhor, concedei-nos o vosso Espírito...",Unidos em Cristo. O Espírito de Deus penetra tudo.,#santododia #fé #carrossel #devocional,09/09 - São Pedro Clérigo. Unidos em Cristo.
09/09/2026,Reel_Noite,20h,Completas - 09/09,"Hora de descansar, filho de Deus.

Lucas capítulo 6, versículos 12 a 19.

Oração de Completas.
Vindeste, ó Espírito Santo, encher os vossos apóstolos.
Ench também os nossos corações de paz esta noite.

Salmo quatro, verso nove.
Em paz me deitarei e adormecerei, porque só vós, Senhor, me fazestes habitar em segurança.

A bênção de Deus todo-poderoso desça sobre vós esta noite. Amém. Boa noite.","Lucas capítulo 6, versículos 12 a 19","Vindeste, ó Espírito Santo...","Assim como Jesus ensina com autoridade no evangelho de Lucas capítulo 6, versículos 12 a 19.",#oraçãodanoite #completas #fé #paz,"Lucas capítulo 6, versículos 12 a 19 - Jesus ensina com autoridade. Entregue sua paz ao Senhor."
10/09/2026,Reel_Manha,7h,Oração do Despertar - 10/09,"Ó Senhor, abri os nossos lábios.
E a nossa boca anunciará os vossos louvores.

Salmo vinte e quatro.

Deus onipotente, fonte de todo dom perfeito,
semeai em nossos corações o amor ao vosso nome.
Por Jesus Cristo, nosso Senhor. Amém.",Salmo vinte e quatro,"Ó Senhor, abri os nossos lábios...",Hoje a Igreja celebra São Nicolau de Tolentino. Vigilância e preparação.,#oraçãodamanhã #devocional #fé #paz #livrodeoraçãocomum,Salmo vinte e quatro - Vigilância e preparação. Comece este dia com Deus.
10/09/2026,Carrossel,12h,Santo do Dia - São Nicolau de Tolentino,"Santo do Dia. São Nicolau de Tolentino.

Leitura do Dia.
Primeira Carta de São Paulo aos Coríntios capítulo 3, versículos 10 a 17.

Salmo vinte e quatro.

Reflexão.
Primeiro. O Espírito de Deus penetra tudo.
Segundo. Como os santos foram guiados, também nós somos.
Terceiro. O pensamento de Cristo está disponível a todos.

Oração.
Senhor, concedei-nos o vosso Espírito para compreendermos vossos caminhos. Amém.

Versículo final.
Nós, porém, temos o pensamento de Cristo.","Primeira Carta de São Paulo aos Coríntios capítulo 3, versículos 10 a 17","Senhor, concedei-nos o vosso Espírito...",Vigilância e preparação. O Espírito de Deus penetra tudo.,#santododia #fé #carrossel #devocional,10/09 - São Nicolau de Tolentino. Vigilância e preparação.
10/09/2026,Reel_Noite,20h,Completas - 10/09,"Hora de descansar, filho de Deus.

Mateus capítulo 24, versículos 42 a 51.

Oração de Completas.
Vindeste, ó Espírito Santo, encher os vossos apóstolos.
Ench também os nossos corações de paz esta noite.

Salmo quatro, verso nove.
Em paz me deitarei e adormecerei, porque só vós, Senhor, me fazestes habitar em segurança.

A bênção de Deus todo-poderoso desça sobre vós esta noite. Amém. Boa noite.","Mateus capítulo 24, versículos 42 a 51","Vindeste, ó Espírito Santo...","Assim como Jesus ensina com autoridade no evangelho de Mateus capítulo 24, versículos 42 a 51.",#oraçãodanoite #completas #fé #paz,"Mateus capítulo 24, versículos 42 a 51 - Jesus ensina com autoridade. Entregue sua paz ao Senhor."
11/09/2026,Reel_Manha,7h,Oração do Despertar - 11/09,"Ó Senhor, abri os nossos lábios.
E a nossa boca anunciará os vossos louvores.

Salmo vinte e sete.

Deus onipotente, fonte de todo dom perfeito,
semeai em nossos corações o amor ao vosso nome.
Por Jesus Cristo, nosso Senhor. Amém.",Salmo vinte e sete,"Ó Senhor, abri os nossos lábios...",Hoje a Igreja celebra São João Gabriel de Boyne. Amor aos inimigos.,#oraçãodamanhã #devocional #fé #paz #livrodeoraçãocomum,Salmo vinte e sete - Amor aos inimigos. Comece este dia com Deus.
11/09/2026,Carrossel,12h,Santo do Dia - São João Gabriel de Boyne,"Santo do Dia. São João Gabriel de Boyne.

Leitura do Dia.
Primeira Carta de São Paulo aos Coríntios capítulo 3, versículos 18 a 23.

Salmo vinte e sete.

Reflexão.
Primeiro. O Espírito de Deus penetra tudo.
Segundo. Como os santos foram guiados, também nós somos.
Terceiro. O pensamento de Cristo está disponível a todos.

Oração.
Senhor, concedei-nos o vosso Espírito para compreendermos vossos caminhos. Amém.

Versículo final.
Nós, porém, temos o pensamento de Cristo.","Primeira Carta de São Paulo aos Coríntios capítulo 3, versículos 18 a 23","Senhor, concedei-nos o vosso Espírito...",Amor aos inimigos. O Espírito de Deus penetra tudo.,#santododia #fé #carrossel #devocional,11/09 - São João Gabriel de Boyne. Amor aos inimigos.
11/09/2026,Reel_Noite,20h,Completas - 11/09,"Hora de descansar, filho de Deus.

Lucas capítulo 6, versículos 27 a 36.

Oração de Completas.
Vindeste, ó Espírito Santo, encher os vossos apóstolos.
Ench também os nossos corações de paz esta noite.

Salmo quatro, verso nove.
Em paz me deitarei e adormecerei, porque só vós, Senhor, me fazestes habitar em segurança.

A bênção de Deus todo-poderoso desça sobre vós esta noite. Amém. Boa noite.","Lucas capítulo 6, versículos 27 a 36","Vindeste, ó Espírito Santo...","Assim como Jesus ensina com autoridade no evangelho de Lucas capítulo 6, versículos 27 a 36.",#oraçãodanoite #completas #fé #paz,"Lucas capítulo 6, versículos 27 a 36 - Jesus ensina com autoridade. Entregue sua paz ao Senhor."
12/09/2026,Reel_Manha,7h,Oração do Despertar - 12/09,"Ó Senhor, abri os nossos lábios.
E a nossa boca anunciará os vossos louvores.

Salmo cento e trinta.

Deus onipotente, fonte de todo dom perfeito,
semeai em nossos corações o amor ao vosso nome.
Por Jesus Cristo, nosso Senhor. Amém.",Salmo cento e trinta,"Ó Senhor, abri os nossos lábios...",Hoje a Igreja celebra Santos Nomes de Maria. Humildade e julgamento.,#oraçãodamanhã #devocional #fé #paz #livrodeoraçãocomum,Salmo cento e trinta - Humildade e julgamento. Comece este dia com Deus.
12/09/2026,Carrossel,12h,Santo do Dia - Santos Nomes de Maria,"Santo do Dia. Santos Nomes de Maria.

Leitura do Dia.
Primeira Carta de São Paulo aos Coríntios capítulo 4, versículos 1 a 5.

Salmo cento e trinta.

Reflexão.
Primeiro. O Espírito de Deus penetra tudo.
Segundo. Como os santos foram guiados, também nós somos.
Terceiro. O pensamento de Cristo está disponível a todos.

Oração.
Senhor, concedei-nos o vosso Espírito para compreendermos vossos caminhos. Amém.

Versículo final.
Nós, porém, temos o pensamento de Cristo.","Primeira Carta de São Paulo aos Coríntios capítulo 4, versículos 1 a 5","Senhor, concedei-nos o vosso Espírito...",Humildade e julgamento. O Espírito de Deus penetra tudo.,#santododia #fé #carrossel #devocional,12/09 - Santos Nomes de Maria. Humildade e julgamento.
12/09/2026,Reel_Noite,20h,Completas - 12/09,"Hora de descansar, filho de Deus.

Lucas capítulo 6, versículos 39 a 42.

Oração de Completas.
Vindeste, ó Espírito Santo, encher os vossos apóstolos.
Ench também os nossos corações de paz esta noite.

Salmo quatro, verso nove.
Em paz me deitarei e adormecerei, porque só vós, Senhor, me fazestes habitar em segurança.

A bênção de Deus todo-poderoso desça sobre vós esta noite. Amém. Boa noite.","Lucas capítulo 6, versículos 39 a 42","Vindeste, ó Espírito Santo...","Assim como Jesus ensina com autoridade no evangelho de Lucas capítulo 6, versículos 39 a 42.",#oraçãodanoite #completas #fé #paz,"Lucas capítulo 6, versículos 39 a 42 - Jesus ensina com autoridade. Entregue sua paz ao Senhor."
13/09/2026,Reel_Manha,7h,Oração do Despertar - 13/09,"Ó Senhor, abri os nossos lábios.
E a nossa boca anunciará os vossos louvores.

Salmo cento e treze.

Deus onipotente, fonte de todo dom perfeito,
semeai em nossos corações o amor ao vosso nome.
Por Jesus Cristo, nosso Senhor. Amém.",Salmo cento e treze,"Ó Senhor, abri os nossos lábios...",Hoje a Igreja celebra São João Crisóstomo. Bons frutos e sabedoria.,#oraçãodamanhã #devocional #fé #paz #livrodeoraçãocomum,Salmo cento e treze - Bons frutos e sabedoria. Comece este dia com Deus.
13/09/2026,Carrossel,12h,Santo do Dia - São João Crisóstomo,"Santo do Dia. São João Crisóstomo.

Leitura do Dia.
Primeira Carta de São Paulo aos Coríntios capítulo 4, versículos 6 a 15.

Salmo cento e treze.

Reflexão.
Primeiro. O Espírito de Deus penetra tudo.
Segundo. Como os santos foram guiados, também nós somos.
Terceiro. O pensamento de Cristo está disponível a todos.

Oração.
Senhor, concedei-nos o vosso Espírito para compreendermos vossos caminhos. Amém.

Versículo final.
Nós, porém, temos o pensamento de Cristo.","Primeira Carta de São Paulo aos Coríntios capítulo 4, versículos 6 a 15","Senhor, concedei-nos o vosso Espírito...",Bons frutos e sabedoria. O Espírito de Deus penetra tudo.,#santododia #fé #carrossel #devocional,13/09 - São João Crisóstomo. Bons frutos e sabedoria.
13/09/2026,Reel_Noite,20h,Completas - 13/09,"Hora de descansar, filho de Deus.

Lucas capítulo 6, versículos 43 a 49.

Oração de Completas.
Vindeste, ó Espírito Santo, encher os vossos apóstolos.
Ench também os nossos corações de paz esta noite.

Salmo quatro, verso nove.
Em paz me deitarei e adormecerei, porque só vós, Senhor, me fazestes habitar em segurança.

A bênção de Deus todo-poderoso desça sobre vós esta noite. Amém. Boa noite.","Lucas capítulo 6, versículos 43 a 49","Vindeste, ó Espírito Santo...","Assim como Jesus ensina com autoridade no evangelho de Lucas capítulo 6, versículos 43 a 49.",#oraçãodanoite #completas #fé #paz,"Lucas capítulo 6, versículos 43 a 49 - Jesus ensina com autoridade. Entregue sua paz ao Senhor."
